"Time","Value"
1734706959000,
1734706959500,
1734706960000,
1734706960500,
1734706961000,
1734706961500,
1734706962000,
1734706962500,
1734706963000,
1734706963500,
1734706964000,
1734706964500,
1734706965000,
1734706965500,
1734706966000,
1734706966500,
1734706967000,
1734706967500,
1734706968000,
1734706968500,
1734706969000,
1734706969500,
1734706970000,
1734706970500,
1734706971000,
1734706971500,588
1734706972000,
1734706972500,
1734706973000,
1734706973500,589
1734706974000,
1734706974500,
1734706975000,
1734706975500,598
1734706976000,
1734706976500,
1734706977000,602
1734706977500,
1734706978000,
1734706978500,
1734706979000,605
1734706979500,
1734706980000,
1734706980500,
1734706981000,608
1734706981500,
1734706982000,
1734706982500,
1734706983000,612
1734706983500,
1734706984000,
1734706984500,
1734706985000,616
1734706985500,
1734706986000,
1734706986500,618
1734706987000,
1734706987500,
1734706988000,
1734706988500,623
1734706989000,
1734706989500,
1734706990000,
1734706990500,625
1734706991000,
1734706991500,
1734706992000,
1734706992500,626
1734706993000,
1734706993500,
1734706994000,
1734706994500,629
1734706995000,
1734706995500,
1734706996000,630
1734706996500,
1734706997000,
1734706997500,
1734706998000,634
1734706998500,
1734706999000,
1734706999500,
1734707000000,635
1734707000500,
1734707001000,
1734707001500,
1734707002000,637
1734707002500,
1734707003000,
1734707003500,
1734707004000,641
1734707004500,
1734707005000,
1734707005500,
1734707006000,642
1734707006500,
1734707007000,
1734707007500,641
1734707008000,
1734707008500,
1734707009000,
1734707009500,645
1734707010000,
1734707010500,
1734707011000,
1734707011500,645
1734707012000,
1734707012500,
1734707013000,
1734707013500,645
1734707014000,
1734707014500,
1734707015000,647
1734707015500,
1734707016000,
1734707016500,
1734707017000,650
1734707017500,
1734707018000,
1734707018500,
1734707019000,652
1734707019500,
1734707020000,
1734707020500,
1734707021000,652
1734707021500,
1734707022000,
1734707022500,
1734707023000,655
1734707023500,
1734707024000,
1734707024500,656
1734707025000,
1734707025500,
1734707026000,
1734707026500,658
1734707027000,
1734707027500,
1734707028000,
1734707028500,656
1734707029000,
1734707029500,
1734707030000,
1734707030500,659
1734707031000,
1734707031500,
1734707032000,
1734707032500,658
1734707033000,
1734707033500,
1734707034000,659
1734707034500,
1734707035000,
1734707035500,
1734707036000,659
1734707036500,
1734707037000,
1734707037500,
1734707038000,662
1734707038500,
1734707039000,
1734707039500,
1734707040000,662
1734707040500,
1734707041000,
1734707041500,
1734707042000,664
1734707042500,
1734707043000,
1734707043500,662
1734707044000,
1734707044500,
1734707045000,
1734707045500,663
1734707046000,
1734707046500,
1734707047000,
1734707047500,665
1734707048000,
1734707048500,
1734707049000,
1734707049500,668
1734707050000,
1734707050500,
1734707051000,
1734707051500,668
1734707052000,
1734707052500,
1734707053000,668
1734707053500,
1734707054000,
1734707054500,
1734707055000,668
1734707055500,
1734707056000,
1734707056500,
1734707057000,667
1734707057500,
1734707058000,
1734707058500,
1734707059000,670
1734707059500,
1734707060000,
1734707060500,
1734707061000,669
1734707061500,
1734707062000,
1734707062500,672
1734707063000,
1734707063500,
1734707064000,
1734707064500,673
1734707065000,
1734707065500,
1734707066000,
1734707066500,669
1734707067000,
1734707067500,
1734707068000,
1734707068500,672
1734707069000,
1734707069500,
1734707070000,
1734707070500,672
1734707071000,
1734707071500,
1734707072000,674
1734707072500,
1734707073000,
1734707073500,
1734707074000,673
1734707074500,
1734707075000,
1734707075500,
1734707076000,672
1734707076500,
1734707077000,
1734707077500,
1734707078000,673
1734707078500,
1734707079000,
1734707079500,
1734707080000,673
1734707080500,
1734707081000,
1734707081500,673
1734707082000,
1734707082500,
1734707083000,
1734707083500,675
1734707084000,
1734707084500,
1734707085000,
1734707085500,676
1734707086000,
1734707086500,
1734707087000,
1734707087500,675
1734707088000,
1734707088500,
1734707089000,
1734707089500,678
1734707090000,
1734707090500,
1734707091000,675
1734707091500,
1734707092000,
1734707092500,
1734707093000,676
1734707093500,
1734707094000,
1734707094500,
1734707095000,678
1734707095500,
1734707096000,
1734707096500,
1734707097000,677
1734707097500,
1734707098000,
1734707098500,
1734707099000,678
1734707099500,
1734707100000,
1734707100500,678
1734707101000,
1734707101500,
1734707102000,
1734707102500,677
1734707103000,
1734707103500,
1734707104000,
1734707104500,679
1734707105000,
1734707105500,
1734707106000,
1734707106500,680
1734707107000,
1734707107500,
1734707108000,
1734707108500,681
1734707109000,
1734707109500,
1734707110000,678
1734707110500,
1734707111000,
1734707111500,
1734707112000,682
1734707112500,
1734707113000,
1734707113500,
1734707114000,680
1734707114500,
1734707115000,
1734707115500,
1734707116000,682
1734707116500,
1734707117000,
1734707117500,
1734707118000,681
1734707118500,
1734707119000,
1734707119500,680
1734707120000,
1734707120500,
1734707121000,
1734707121500,682
1734707122000,
1734707122500,
1734707123000,
1734707123500,681
1734707124000,
1734707124500,
1734707125000,
1734707125500,681
1734707126000,
1734707126500,
1734707127000,
1734707127500,680
1734707128000,
1734707128500,
1734707129000,
1734707129500,682
1734707130000,
1734707130500,
1734707131000,682
1734707131500,
1734707132000,
1734707132500,
1734707133000,682
1734707133500,
1734707134000,
1734707134500,
1734707135000,682
1734707135500,
1734707136000,
1734707136500,
1734707137000,683
1734707137500,
1734707138000,
1734707138500,
1734707139000,684
1734707139500,
1734707140000,
1734707140500,684
1734707141000,
1734707141500,
1734707142000,
1734707142500,683
1734707143000,
1734707143500,
1734707144000,
1734707144500,684
1734707145000,
1734707145500,
1734707146000,
1734707146500,684
1734707147000,
1734707147500,
1734707148000,683
1734707148500,
1734707149000,
1734707149500,
1734707150000,
1734707150500,
1734707151000,
1734707151500,
1734707152000,
1734707152500,
1734707153000,
1734707153500,
1734707154000,
1734707154500,685
1734707155000,
1734707155500,
1734707156000,
1734707156500,
1734707157000,
1734707157500,
1734707158000,
1734707158500,
1734707159000,
1734707159500,
1734707160000,
1734707160500,
1734707161000,
1734707161500,
1734707162000,
1734707162500,
1734707163000,
1734707163500,
1734707164000,
1734707164500,
1734707165000,
1734707165500,
1734707166000,
1734707166500,
1734707167000,
1734707167500,
1734707168000,
1734707168500,
1734707169000,
1734707169500,
1734707170000,
1734707170500,
1734707171000,
1734707171500,
1734707172000,
1734707172500,
1734707173000,
1734707173500,
1734707174000,
1734707174500,
1734707175000,
1734707175500,
1734707176000,
1734707176500,
1734707177000,
1734707177500,
1734707178000,
1734707178500,
1734707179000,
1734707179500,
1734707180000,
1734707180500,
1734707181000,
1734707181500,
1734707182000,
1734707182500,
1734707183000,
1734707183500,
1734707184000,
1734707184500,
1734707185000,
1734707185500,
1734707186000,
1734707186500,
1734707187000,
1734707187500,
1734707188000,
1734707188500,
1734707189000,
1734707189500,
1734707190000,
1734707190500,
1734707191000,
1734707191500,
1734707192000,686
1734707192500,
1734707193000,
1734707193500,
1734707194000,687
1734707194500,
1734707195000,
1734707195500,685
1734707196000,
1734707196500,
1734707197000,
1734707197500,686
1734707198000,
1734707198500,
1734707199000,
1734707199500,688
1734707200000,
1734707200500,
1734707201000,
1734707201500,687
1734707202000,
1734707202500,
1734707203000,
1734707203500,686
1734707204000,
1734707204500,
1734707205000,686
1734707205500,
1734707206000,
1734707206500,
1734707207000,688
1734707207500,
1734707208000,
1734707208500,
1734707209000,685
1734707209500,
1734707210000,
1734707210500,
1734707211000,687
1734707211500,
1734707212000,
1734707212500,
1734707213000,687
1734707213500,
1734707214000,
1734707214500,688
1734707215000,
1734707215500,
1734707216000,
1734707216500,688
1734707217000,
1734707217500,
1734707218000,
1734707218500,689
1734707219000,
1734707219500,
1734707220000,
1734707220500,686
1734707221000,
1734707221500,
1734707222000,
1734707222500,686
1734707223000,
1734707223500,
1734707224000,687
1734707224500,
1734707225000,
1734707225500,
1734707226000,688
1734707226500,
1734707227000,
1734707227500,
1734707228000,686
1734707228500,
1734707229000,
1734707229500,
1734707230000,685
1734707230500,
1734707231000,
1734707231500,
1734707232000,686
1734707232500,
1734707233000,
1734707233500,686
1734707234000,
1734707234500,
1734707235000,
1734707235500,687
1734707236000,
1734707236500,
1734707237000,
1734707237500,687
1734707238000,
1734707238500,
1734707239000,
1734707239500,689
1734707240000,
1734707240500,
1734707241000,
1734707241500,687
1734707242000,
1734707242500,
1734707243000,688
1734707243500,
1734707244000,
1734707244500,
1734707245000,687
1734707245500,
1734707246000,
1734707246500,
1734707247000,688
1734707247500,
1734707248000,
1734707248500,
1734707249000,688
1734707249500,
1734707250000,
1734707250500,
1734707251000,688
1734707251500,
1734707252000,
1734707252500,687
1734707253000,
1734707253500,
1734707254000,
1734707254500,688
1734707255000,
1734707255500,
1734707256000,
1734707256500,686
1734707257000,
1734707257500,
1734707258000,
1734707258500,686
1734707259000,
1734707259500,
1734707260000,
1734707260500,687
1734707261000,
1734707261500,
1734707262000,686
1734707262500,
1734707263000,
1734707263500,
1734707264000,688
1734707264500,
1734707265000,
1734707265500,
1734707266000,688
1734707266500,
1734707267000,
1734707267500,
1734707268000,689
1734707268500,
1734707269000,
1734707269500,
1734707270000,690
1734707270500,
1734707271000,
1734707271500,689
1734707272000,
1734707272500,
1734707273000,
1734707273500,689
1734707274000,
1734707274500,
1734707275000,
1734707275500,689
1734707276000,
1734707276500,
1734707277000,
1734707277500,690
1734707278000,
1734707278500,
1734707279000,
1734707279500,687
1734707280000,
1734707280500,
1734707281000,689
1734707281500,
1734707282000,
1734707282500,
1734707283000,690
1734707283500,
1734707284000,
1734707284500,
1734707285000,689
1734707285500,
1734707286000,
1734707286500,
1734707287000,689
1734707287500,
1734707288000,
1734707288500,
1734707289000,687
1734707289500,
1734707290000,
1734707290500,689
1734707291000,
1734707291500,
1734707292000,
1734707292500,690
1734707293000,
1734707293500,
1734707294000,
1734707294500,689
1734707295000,
1734707295500,
1734707296000,
1734707296500,688
1734707297000,
1734707297500,
1734707298000,
1734707298500,689
1734707299000,
1734707299500,
1734707300000,
1734707300500,688
1734707301000,
1734707301500,
1734707302000,
1734707302500,689
1734707303000,
1734707303500,
1734707304000,
1734707304500,691
1734707305000,
1734707305500,
1734707306000,689
1734707306500,
1734707307000,
1734707307500,
1734707308000,689
1734707308500,
1734707309000,
1734707309500,
1734707310000,689
1734707310500,
1734707311000,
1734707311500,689
1734707312000,
1734707312500,
1734707313000,
1734707313500,688
1734707314000,
1734707314500,
1734707315000,
1734707315500,687
1734707316000,
1734707316500,
1734707317000,
1734707317500,691
1734707318000,
1734707318500,
1734707319000,689
1734707319500,
1734707320000,
1734707320500,
1734707321000,689
1734707321500,
1734707322000,
1734707322500,
1734707323000,691
1734707323500,
1734707324000,
1734707324500,
1734707325000,689
1734707325500,
1734707326000,
1734707326500,
1734707327000,689
1734707327500,
1734707328000,
1734707328500,
1734707329000,690
1734707329500,
1734707330000,
1734707330500,
1734707331000,688
1734707331500,
1734707332000,
1734707332500,690
1734707333000,
1734707333500,
1734707334000,
1734707334500,689
1734707335000,
1734707335500,
1734707336000,
1734707336500,686
1734707337000,
1734707337500,
1734707338000,689
1734707338500,
1734707339000,
1734707339500,
1734707340000,691
1734707340500,
1734707341000,
1734707341500,
1734707342000,689
1734707342500,
1734707343000,
1734707343500,
1734707344000,689
1734707344500,
1734707345000,
1734707345500,
1734707346000,690
1734707346500,
1734707347000,
1734707347500,691
1734707348000,
1734707348500,
1734707349000,
1734707349500,689
1734707350000,
1734707350500,
1734707351000,
1734707351500,688
1734707352000,
1734707352500,
1734707353000,
1734707353500,689
1734707354000,
1734707354500,
1734707355000,
1734707355500,689
1734707356000,
1734707356500,
1734707357000,687
1734707357500,
1734707358000,
1734707358500,
1734707359000,691
1734707359500,
1734707360000,
1734707360500,
1734707361000,688
1734707361500,
1734707362000,
1734707362500,
1734707363000,689
1734707363500,
1734707364000,
1734707364500,
1734707365000,690
1734707365500,
1734707366000,
1734707366500,690
1734707367000,
1734707367500,
1734707368000,
1734707368500,689
1734707369000,
1734707369500,
1734707370000,
1734707370500,691
1734707371000,
1734707371500,
1734707372000,
1734707372500,690
1734707373000,
1734707373500,
1734707374000,
1734707374500,687
1734707375000,
1734707375500,
1734707376000,
1734707376500,690
1734707377000,
1734707377500,
1734707378000,690
1734707378500,
1734707379000,
1734707379500,
1734707380000,690
1734707380500,
1734707381000,
1734707381500,
1734707382000,689
1734707382500,
1734707383000,
1734707383500,
1734707384000,691
1734707384500,
1734707385000,
1734707385500,688
1734707386000,
1734707386500,
1734707387000,
1734707387500,687
1734707388000,
1734707388500,
1734707389000,
1734707389500,689
1734707390000,
1734707390500,
1734707391000,
1734707391500,691
1734707392000,
1734707392500,
1734707393000,
1734707393500,689
1734707394000,
1734707394500,
1734707395000,688
1734707395500,
1734707396000,
1734707396500,
1734707397000,690
1734707397500,
1734707398000,
1734707398500,
1734707399000,691
1734707399500,
1734707400000,
1734707400500,
1734707401000,690
1734707401500,
1734707402000,
1734707402500,
1734707403000,688
1734707403500,
1734707404000,
1734707404500,688
1734707405000,
1734707405500,
1734707406000,
1734707406500,689
1734707407000,
1734707407500,
1734707408000,
1734707408500,689
1734707409000,
1734707409500,
1734707410000,
1734707410500,689
1734707411000,
1734707411500,
1734707412000,
1734707412500,691
1734707413000,
1734707413500,
1734707414000,691
1734707414500,
1734707415000,
1734707415500,
1734707416000,689
1734707416500,
1734707417000,
1734707417500,
1734707418000,689
1734707418500,
1734707419000,
1734707419500,
1734707420000,691
1734707420500,
1734707421000,
1734707421500,
1734707422000,690
1734707422500,
1734707423000,
1734707423500,690
1734707424000,
1734707424500,
1734707425000,
1734707425500,691
1734707426000,
1734707426500,
1734707427000,
1734707427500,691
1734707428000,
1734707428500,
1734707429000,
1734707429500,689
1734707430000,
1734707430500,
1734707431000,
1734707431500,689
1734707432000,
1734707432500,
1734707433000,
1734707433500,689
1734707434000,
1734707434500,
1734707435000,689
1734707435500,
1734707436000,
1734707436500,
1734707437000,689
1734707437500,
1734707438000,
1734707438500,
1734707439000,689
1734707439500,
1734707440000,
1734707440500,
1734707441000,689
1734707441500,
1734707442000,
1734707442500,692
1734707443000,
1734707443500,
1734707444000,
1734707444500,689
1734707445000,
1734707445500,
1734707446000,
1734707446500,690
1734707447000,
1734707447500,
1734707448000,
1734707448500,690
1734707449000,
1734707449500,
1734707450000,
1734707450500,690
1734707451000,
1734707451500,
1734707452000,691
1734707452500,
1734707453000,
1734707453500,
1734707454000,692
1734707454500,
1734707455000,
1734707455500,
1734707456000,691
1734707456500,
1734707457000,
1734707457500,
1734707458000,690
1734707458500,
1734707459000,
1734707459500,
1734707460000,689
1734707460500,
1734707461000,
1734707461500,689
1734707462000,
1734707462500,
1734707463000,
1734707463500,691
1734707464000,
1734707464500,
1734707465000,
1734707465500,692
1734707466000,
1734707466500,
1734707467000,
1734707467500,691
1734707468000,
1734707468500,
1734707469000,
1734707469500,691
1734707470000,
1734707470500,
1734707471000,
1734707471500,692
1734707472000,
1734707472500,
1734707473000,688
1734707473500,
1734707474000,
1734707474500,
1734707475000,688
1734707475500,
1734707476000,
1734707476500,
1734707477000,691
1734707477500,
1734707478000,
1734707478500,
1734707479000,691
1734707479500,
1734707480000,
1734707480500,691
1734707481000,
1734707481500,
1734707482000,
1734707482500,692
1734707483000,
1734707483500,
1734707484000,
1734707484500,688
1734707485000,
1734707485500,
1734707486000,
1734707486500,690
1734707487000,
1734707487500,
1734707488000,
1734707488500,689
1734707489000,
1734707489500,
1734707490000,691
1734707490500,
1734707491000,
1734707491500,
1734707492000,690
1734707492500,
1734707493000,
1734707493500,
1734707494000,689
1734707494500,
1734707495000,
1734707495500,
1734707496000,692
1734707496500,
1734707497000,
1734707497500,
1734707498000,691
1734707498500,
1734707499000,
1734707499500,
1734707500000,692
1734707500500,
1734707501000,
1734707501500,692
1734707502000,
1734707502500,
1734707503000,
1734707503500,690
1734707504000,
1734707504500,
1734707505000,
1734707505500,690
1734707506000,
1734707506500,
1734707507000,
1734707507500,689
1734707508000,
1734707508500,
1734707509000,691
1734707509500,
1734707510000,
1734707510500,
1734707511000,689
1734707511500,
1734707512000,
1734707512500,
1734707513000,689
1734707513500,
1734707514000,
1734707514500,
1734707515000,689
1734707515500,
1734707516000,
1734707516500,
1734707517000,692
1734707517500,
1734707518000,
1734707518500,690
1734707519000,
1734707519500,
1734707520000,
1734707520500,690
1734707521000,
1734707521500,
1734707522000,
1734707522500,689
1734707523000,
1734707523500,
1734707524000,
1734707524500,689
1734707525000,
1734707525500,
1734707526000,
1734707526500,692
1734707527000,
1734707527500,
1734707528000,691
1734707528500,
1734707529000,
1734707529500,
1734707530000,691
1734707530500,
1734707531000,
1734707531500,
1734707532000,689
1734707532500,
1734707533000,
1734707533500,
1734707534000,690
1734707534500,
1734707535000,
1734707535500,
1734707536000,689
1734707536500,
1734707537000,
1734707537500,691
1734707538000,
1734707538500,
1734707539000,
1734707539500,691
1734707540000,
1734707540500,
1734707541000,
1734707541500,692
1734707542000,
1734707542500,
1734707543000,
1734707543500,691
1734707544000,
1734707544500,
1734707545000,
1734707545500,691
1734707546000,
1734707546500,
1734707547000,690
1734707547500,
1734707548000,
1734707548500,
1734707549000,689
1734707549500,
1734707550000,
1734707550500,
1734707551000,691
1734707551500,
1734707552000,
1734707552500,
1734707553000,689
1734707553500,
1734707554000,
1734707554500,
1734707555000,691
1734707555500,
1734707556000,
1734707556500,692
1734707557000,
1734707557500,
1734707558000,
1734707558500,688
1734707559000,
1734707559500,
1734707560000,
1734707560500,689
1734707561000,
1734707561500,
1734707562000,
1734707562500,691
1734707563000,
1734707563500,
1734707564000,
1734707564500,689
1734707565000,
1734707565500,
1734707566000,692
1734707566500,
1734707567000,
1734707567500,
1734707568000,
1734707568500,690
1734707569000,
1734707569500,
1734707570000,690
1734707570500,
1734707571000,
1734707571500,
1734707572000,691
1734707572500,
1734707573000,
1734707573500,
1734707574000,689
1734707574500,
1734707575000,
1734707575500,693
1734707576000,
1734707576500,
1734707577000,
1734707577500,689
1734707578000,
1734707578500,
1734707579000,
1734707579500,689
1734707580000,
1734707580500,
1734707581000,
1734707581500,691
1734707582000,
1734707582500,
1734707583000,
1734707583500,689
1734707584000,
1734707584500,
1734707585000,691
1734707585500,
1734707586000,
1734707586500,
1734707587000,691
1734707587500,
1734707588000,
1734707588500,
1734707589000,691
1734707589500,
1734707590000,
1734707590500,
1734707591000,688
1734707591500,
1734707592000,
1734707592500,
1734707593000,691
1734707593500,
1734707594000,
1734707594500,691
1734707595000,
1734707595500,
1734707596000,
1734707596500,691
1734707597000,
1734707597500,
1734707598000,
1734707598500,690
1734707599000,
1734707599500,
1734707600000,
1734707600500,692
1734707601000,
1734707601500,
1734707602000,
1734707602500,689
1734707603000,
1734707603500,
1734707604000,690
1734707604500,
1734707605000,
1734707605500,
1734707606000,691
1734707606500,
1734707607000,
1734707607500,
1734707608000,689
1734707608500,
1734707609000,
1734707609500,
1734707610000,690
1734707610500,
1734707611000,
1734707611500,
1734707612000,691
1734707612500,
1734707613000,
1734707613500,691
1734707614000,
1734707614500,
1734707615000,
1734707615500,691
1734707616000,
1734707616500,
1734707617000,
1734707617500,689
1734707618000,
1734707618500,
1734707619000,
1734707619500,689
1734707620000,
1734707620500,
1734707621000,
1734707621500,691
1734707622000,
1734707622500,
1734707623000,689
1734707623500,
1734707624000,
1734707624500,
1734707625000,691
1734707625500,
1734707626000,
1734707626500,
1734707627000,691
1734707627500,
1734707628000,
1734707628500,
1734707629000,690
1734707629500,
1734707630000,
1734707630500,
1734707631000,
1734707631500,
1734707632000,690
1734707632500,688
1734707633000,
1734707633500,
1734707634000,
1734707634500,689
1734707635000,
1734707635500,
1734707636000,
1734707636500,690
1734707637000,
1734707637500,
1734707638000,
1734707638500,690
1734707639000,
1734707639500,
1734707640000,
1734707640500,689
1734707641000,
1734707641500,
1734707642000,689
1734707642500,
1734707643000,
1734707643500,
1734707644000,689
1734707644500,
1734707645000,
1734707645500,
1734707646000,692
1734707646500,
1734707647000,
1734707647500,
1734707648000,691
1734707648500,
1734707649000,
1734707649500,
1734707650000,690
1734707650500,
1734707651000,
1734707651500,691
1734707652000,
1734707652500,
1734707653000,
1734707653500,692
1734707654000,
1734707654500,
1734707655000,
1734707655500,691
1734707656000,
1734707656500,
1734707657000,
1734707657500,689
1734707658000,
1734707658500,
1734707659000,
1734707659500,687
1734707660000,
1734707660500,
1734707661000,689
1734707661500,
1734707662000,
1734707662500,
1734707663000,689
1734707663500,
1734707664000,
1734707664500,
1734707665000,691
1734707665500,
1734707666000,
1734707666500,
1734707667000,691
1734707667500,
1734707668000,
1734707668500,
1734707669000,689
1734707669500,
1734707670000,
1734707670500,691
1734707671000,
1734707671500,
1734707672000,
1734707672500,691
1734707673000,
1734707673500,
1734707674000,
1734707674500,693
1734707675000,
1734707675500,
1734707676000,
1734707676500,691
1734707677000,
1734707677500,
1734707678000,
1734707678500,690
1734707679000,
1734707679500,
1734707680000,692
1734707680500,
1734707681000,
1734707681500,
1734707682000,689
1734707682500,
1734707683000,
1734707683500,
1734707684000,689
1734707684500,
1734707685000,
1734707685500,
1734707686000,690
1734707686500,
1734707687000,
1734707687500,
1734707688000,689
1734707688500,
1734707689000,
1734707689500,691
1734707690000,
1734707690500,
1734707691000,
1734707691500,691
1734707692000,
1734707692500,
1734707693000,
1734707693500,691
1734707694000,
1734707694500,
1734707695000,
1734707695500,690
1734707696000,
1734707696500,
1734707697000,
1734707697500,689
1734707698000,
1734707698500,
1734707699000,691
1734707699500,
1734707700000,
1734707700500,
1734707701000,690
1734707701500,
1734707702000,
1734707702500,
1734707703000,692
1734707703500,
1734707704000,
1734707704500,
1734707705000,691
1734707705500,
1734707706000,
1734707706500,
1734707707000,691
1734707707500,
1734707708000,
1734707708500,691
1734707709000,
1734707709500,
1734707710000,
1734707710500,689
1734707711000,
1734707711500,
1734707712000,
1734707712500,690
1734707713000,
1734707713500,
1734707714000,
1734707714500,691
1734707715000,
1734707715500,
1734707716000,
1734707716500,691
1734707717000,
1734707717500,
1734707718000,689
1734707718500,
1734707719000,
1734707719500,
1734707720000,689
1734707720500,
1734707721000,
1734707721500,
1734707722000,689
1734707722500,
1734707723000,
1734707723500,
1734707724000,689
1734707724500,
1734707725000,
1734707725500,
1734707726000,691
1734707726500,
1734707727000,
1734707727500,692
1734707728000,
1734707728500,
1734707729000,
1734707729500,691
1734707730000,
1734707730500,
1734707731000,
1734707731500,690
1734707732000,
1734707732500,
1734707733000,
1734707733500,691
1734707734000,
1734707734500,
1734707735000,
1734707735500,689
1734707736000,
1734707736500,
1734707737000,691
1734707737500,
1734707738000,
1734707738500,
1734707739000,691
1734707739500,
1734707740000,
1734707740500,
1734707741000,691
1734707741500,
1734707742000,
1734707742500,
1734707743000,688
1734707743500,
1734707744000,
1734707744500,
1734707745000,690
1734707745500,
1734707746000,
1734707746500,691
1734707747000,
1734707747500,
1734707748000,
1734707748500,690
1734707749000,
1734707749500,
1734707750000,
1734707750500,689
1734707751000,
1734707751500,
1734707752000,
1734707752500,691
1734707753000,
1734707753500,
1734707754000,
1734707754500,692
1734707755000,
1734707755500,
1734707756000,690
1734707756500,
1734707757000,
1734707757500,
1734707758000,689
1734707758500,
1734707759000,
1734707759500,
1734707760000,691
1734707760500,
1734707761000,
1734707761500,
1734707762000,690
1734707762500,
1734707763000,
1734707763500,
1734707764000,689
1734707764500,
1734707765000,
1734707765500,690
1734707766000,
1734707766500,
1734707767000,
1734707767500,689
1734707768000,
1734707768500,
1734707769000,
1734707769500,690
1734707770000,
1734707770500,
1734707771000,
1734707771500,691
1734707772000,
1734707772500,
1734707773000,
1734707773500,692
1734707774000,
1734707774500,
1734707775000,691
1734707775500,
1734707776000,
1734707776500,
1734707777000,689
1734707777500,
1734707778000,
1734707778500,
1734707779000,691
1734707779500,
1734707780000,
1734707780500,
1734707781000,692
1734707781500,
1734707782000,
1734707782500,
1734707783000,688
1734707783500,
1734707784000,
1734707784500,692
1734707785000,
1734707785500,
1734707786000,
1734707786500,693
1734707787000,
1734707787500,
1734707788000,
1734707788500,690
1734707789000,
1734707789500,
1734707790000,
1734707790500,689
1734707791000,
1734707791500,
1734707792000,
1734707792500,689
1734707793000,
1734707793500,
1734707794000,691
1734707794500,
1734707795000,
1734707795500,
1734707796000,689
1734707796500,
1734707797000,
1734707797500,
1734707798000,692
1734707798500,
1734707799000,
1734707799500,
1734707800000,689
1734707800500,
1734707801000,
1734707801500,
1734707802000,691
1734707802500,
1734707803000,
1734707803500,690
1734707804000,
1734707804500,
1734707805000,
1734707805500,689
1734707806000,
1734707806500,
1734707807000,
1734707807500,691
1734707808000,
1734707808500,
1734707809000,
1734707809500,690
1734707810000,
1734707810500,
1734707811000,
1734707811500,692
1734707812000,
1734707812500,
1734707813000,689
1734707813500,
1734707814000,
1734707814500,
1734707815000,691
1734707815500,
1734707816000,
1734707816500,
1734707817000,691
1734707817500,
1734707818000,
1734707818500,
1734707819000,692
1734707819500,
1734707820000,
1734707820500,
1734707821000,689
1734707821500,
1734707822000,
1734707822500,691
1734707823000,
1734707823500,
1734707824000,
1734707824500,691
1734707825000,
1734707825500,
1734707826000,
1734707826500,691
1734707827000,
1734707827500,
1734707828000,
1734707828500,691
1734707829000,
1734707829500,
1734707830000,
1734707830500,689
1734707831000,
1734707831500,
1734707832000,691
1734707832500,
1734707833000,
1734707833500,
1734707834000,691
1734707834500,
1734707835000,
1734707835500,
1734707836000,688
1734707836500,
1734707837000,
1734707837500,
1734707838000,691
1734707838500,
1734707839000,
1734707839500,
1734707840000,691
1734707840500,
1734707841000,
1734707841500,689
1734707842000,
1734707842500,
1734707843000,
1734707843500,692
1734707844000,
1734707844500,
1734707845000,
1734707845500,689
1734707846000,
1734707846500,
1734707847000,
1734707847500,690
1734707848000,
1734707848500,
1734707849000,
1734707849500,689
1734707850000,
1734707850500,
1734707851000,691
1734707851500,
1734707852000,
1734707852500,
1734707853000,691
1734707853500,
1734707854000,
1734707854500,
1734707855000,690
1734707855500,
1734707856000,
1734707856500,
1734707857000,691
1734707857500,
1734707858000,
1734707858500,
1734707859000,692
1734707859500,
1734707860000,
1734707860500,689
1734707861000,
1734707861500,
1734707862000,
1734707862500,691
1734707863000,
1734707863500,
1734707864000,
1734707864500,691
1734707865000,
1734707865500,
1734707866000,
1734707866500,691
1734707867000,
1734707867500,
1734707868000,
1734707868500,690
1734707869000,
1734707869500,
1734707870000,689
1734707870500,
1734707871000,
1734707871500,
1734707872000,690
1734707872500,
1734707873000,
1734707873500,
1734707874000,689
1734707874500,
1734707875000,
1734707875500,
1734707876000,691
1734707876500,
1734707877000,
1734707877500,
1734707878000,691
1734707878500,
1734707879000,
1734707879500,691
1734707880000,
1734707880500,
1734707881000,
1734707881500,689
1734707882000,
1734707882500,
1734707883000,
1734707883500,691
1734707884000,
1734707884500,
1734707885000,
1734707885500,692
1734707886000,
1734707886500,
1734707887000,
1734707887500,690
1734707888000,
1734707888500,
1734707889000,690
1734707889500,
1734707890000,
1734707890500,
1734707891000,690
1734707891500,
1734707892000,
1734707892500,
1734707893000,690
1734707893500,
1734707894000,
1734707894500,
1734707895000,692
1734707895500,
1734707896000,
1734707896500,
1734707897000,691
1734707897500,
1734707898000,
1734707898500,691
1734707899000,
1734707899500,
1734707900000,
1734707900500,691
1734707901000,
1734707901500,
1734707902000,
1734707902500,691
1734707903000,
1734707903500,
1734707904000,
1734707904500,690
1734707905000,
1734707905500,
1734707906000,
1734707906500,689
1734707907000,
1734707907500,
1734707908000,687
1734707908500,
1734707909000,
1734707909500,
1734707910000,692
1734707910500,
1734707911000,
1734707911500,
1734707912000,691
1734707912500,
1734707913000,
1734707913500,
1734707914000,689
1734707914500,
1734707915000,
1734707915500,
1734707916000,691
1734707916500,
1734707917000,
1734707917500,691
1734707918000,
1734707918500,
1734707919000,
1734707919500,690
1734707920000,
1734707920500,
1734707921000,
1734707921500,693
1734707922000,
1734707922500,
1734707923000,
1734707923500,690
1734707924000,
1734707924500,
1734707925000,
1734707925500,691
1734707926000,
1734707926500,
1734707927000,691
1734707927500,
1734707928000,
1734707928500,
1734707929000,689
1734707929500,
1734707930000,
1734707930500,
1734707931000,690
1734707931500,
1734707932000,
1734707932500,
1734707933000,691
1734707933500,
1734707934000,
1734707934500,
1734707935000,690
1734707935500,
1734707936000,
1734707936500,692
1734707937000,
1734707937500,
1734707938000,
1734707938500,689
1734707939000,
1734707939500,
1734707940000,
1734707940500,691
1734707941000,
1734707941500,
1734707942000,
1734707942500,691
1734707943000,
1734707943500,
1734707944000,
1734707944500,689
1734707945000,
1734707945500,
1734707946000,692
1734707946500,
1734707947000,
1734707947500,
1734707948000,691
1734707948500,
1734707949000,
1734707949500,
1734707950000,691
1734707950500,
1734707951000,
1734707951500,
1734707952000,689
1734707952500,
1734707953000,
1734707953500,
1734707954000,692
1734707954500,
1734707955000,
1734707955500,689
1734707956000,
1734707956500,
1734707957000,
1734707957500,689
1734707958000,
1734707958500,
1734707959000,
1734707959500,690
1734707960000,
1734707960500,
1734707961000,
1734707961500,691
1734707962000,
1734707962500,
1734707963000,
1734707963500,691
1734707964000,
1734707964500,
1734707965000,691
1734707965500,
1734707966000,
1734707966500,
1734707967000,690
1734707967500,
1734707968000,
1734707968500,
1734707969000,689
1734707969500,
1734707970000,
1734707970500,
1734707971000,692
1734707971500,
1734707972000,
1734707972500,
1734707973000,689
1734707973500,
1734707974000,
1734707974500,692
1734707975000,
1734707975500,
1734707976000,
1734707976500,692
1734707977000,
1734707977500,
1734707978000,
1734707978500,690
1734707979000,
1734707979500,
1734707980000,
1734707980500,690
1734707981000,
1734707981500,
1734707982000,
1734707982500,691
1734707983000,
1734707983500,
1734707984000,693
1734707984500,
1734707985000,
1734707985500,
1734707986000,691
1734707986500,
1734707987000,
1734707987500,
1734707988000,692
1734707988500,
1734707989000,
1734707989500,
1734707990000,689
1734707990500,
1734707991000,
1734707991500,
1734707992000,693
1734707992500,
1734707993000,
1734707993500,689
1734707994000,
1734707994500,
1734707995000,
1734707995500,689
1734707996000,
1734707996500,
1734707997000,
1734707997500,689
1734707998000,
1734707998500,
1734707999000,
1734707999500,692
1734708000000,
1734708000500,
1734708001000,
1734708001500,691
1734708002000,
1734708002500,
1734708003000,689
1734708003500,
1734708004000,
1734708004500,
1734708005000,689
1734708005500,
1734708006000,
1734708006500,
1734708007000,689
1734708007500,
1734708008000,
1734708008500,
1734708009000,691
1734708009500,
1734708010000,
1734708010500,
1734708011000,690
1734708011500,
1734708012000,
1734708012500,689
1734708013000,
1734708013500,
1734708014000,
1734708014500,691
1734708015000,
1734708015500,
1734708016000,
1734708016500,691
1734708017000,
1734708017500,
1734708018000,
1734708018500,691
1734708019000,
1734708019500,
1734708020000,
1734708020500,691
1734708021000,
1734708021500,
1734708022000,691
1734708022500,
1734708023000,
1734708023500,
1734708024000,689
1734708024500,
1734708025000,
1734708025500,
1734708026000,692
1734708026500,
1734708027000,
1734708027500,
1734708028000,690
1734708028500,
1734708029000,
1734708029500,
1734708030000,692
1734708030500,
1734708031000,
1734708031500,689
1734708032000,
1734708032500,
1734708033000,
1734708033500,691
1734708034000,
1734708034500,
1734708035000,
1734708035500,689
1734708036000,
1734708036500,
1734708037000,
1734708037500,690
1734708038000,
1734708038500,
1734708039000,
1734708039500,691
1734708040000,
1734708040500,
1734708041000,692
1734708041500,
1734708042000,
1734708042500,
1734708043000,689
1734708043500,
1734708044000,
1734708044500,
1734708045000,691
1734708045500,
1734708046000,
1734708046500,
1734708047000,691
1734708047500,
1734708048000,
1734708048500,
1734708049000,689
1734708049500,
1734708050000,
1734708050500,691
1734708051000,
1734708051500,
1734708052000,
1734708052500,692
1734708053000,
1734708053500,
1734708054000,
1734708054500,692
1734708055000,
1734708055500,
1734708056000,
1734708056500,690
1734708057000,
1734708057500,
1734708058000,
1734708058500,689
1734708059000,
1734708059500,
1734708060000,691
1734708060500,
1734708061000,
1734708061500,
1734708062000,690
1734708062500,
1734708063000,
1734708063500,
1734708064000,691
1734708064500,
1734708065000,
1734708065500,
1734708066000,688
1734708066500,
1734708067000,
1734708067500,
1734708068000,689
1734708068500,
1734708069000,
1734708069500,689
1734708070000,
1734708070500,
1734708071000,
1734708071500,689
1734708072000,
1734708072500,
1734708073000,
1734708073500,689
1734708074000,
1734708074500,
1734708075000,
1734708075500,688
1734708076000,
1734708076500,
1734708077000,
1734708077500,687
1734708078000,
1734708078500,
1734708079000,691
1734708079500,
1734708080000,
1734708080500,
1734708081000,691
1734708081500,
1734708082000,
1734708082500,
1734708083000,691
1734708083500,
1734708084000,
1734708084500,
1734708085000,691
1734708085500,
1734708086000,
1734708086500,
1734708087000,687
1734708087500,
1734708088000,
1734708088500,690
1734708089000,
1734708089500,
1734708090000,
1734708090500,692
1734708091000,
1734708091500,
1734708092000,
1734708092500,691
1734708093000,
1734708093500,
1734708094000,
1734708094500,689
1734708095000,
1734708095500,
1734708096000,
1734708096500,690
1734708097000,
1734708097500,
1734708098000,691
1734708098500,
1734708099000,
1734708099500,
1734708100000,691
1734708100500,
1734708101000,
1734708101500,
1734708102000,689
1734708102500,
1734708103000,
1734708103500,
1734708104000,691
1734708104500,
1734708105000,
1734708105500,
1734708106000,691
1734708106500,
1734708107000,
1734708107500,689
1734708108000,
1734708108500,
1734708109000,
1734708109500,691
1734708110000,
1734708110500,
1734708111000,
1734708111500,690
1734708112000,
1734708112500,
1734708113000,
1734708113500,688
1734708114000,
1734708114500,
1734708115000,
1734708115500,689
1734708116000,
1734708116500,
1734708117000,687
1734708117500,
1734708118000,
1734708118500,
1734708119000,691
1734708119500,
1734708120000,
1734708120500,
1734708121000,691
1734708121500,
1734708122000,
1734708122500,
1734708123000,689
1734708123500,
1734708124000,
1734708124500,
1734708125000,688
1734708125500,
1734708126000,
1734708126500,690
1734708127000,
1734708127500,
1734708128000,
1734708128500,691
1734708129000,
1734708129500,
1734708130000,
1734708130500,692
1734708131000,
1734708131500,
1734708132000,
1734708132500,690
1734708133000,
1734708133500,
1734708134000,
1734708134500,691
1734708135000,
1734708135500,
1734708136000,689
1734708136500,
1734708137000,
1734708137500,
1734708138000,689
1734708138500,
1734708139000,
1734708139500,
1734708140000,691
1734708140500,
1734708141000,
1734708141500,
1734708142000,691
1734708142500,
1734708143000,
1734708143500,
1734708144000,690
1734708144500,
1734708145000,
1734708145500,690
1734708146000,
1734708146500,
1734708147000,
1734708147500,689
1734708148000,
1734708148500,
1734708149000,
1734708149500,691
1734708150000,
1734708150500,
1734708151000,
1734708151500,692
1734708152000,
1734708152500,
1734708153000,
1734708153500,691
1734708154000,
1734708154500,
1734708155000,691
1734708155500,
1734708156000,
1734708156500,
1734708157000,692
1734708157500,
1734708158000,
1734708158500,
1734708159000,692
1734708159500,
1734708160000,
1734708160500,
1734708161000,692
1734708161500,
1734708162000,
1734708162500,
1734708163000,693
1734708163500,
1734708164000,
1734708164500,691
1734708165000,
1734708165500,
1734708166000,
1734708166500,692
1734708167000,
1734708167500,
1734708168000,
1734708168500,690
1734708169000,
1734708169500,
1734708170000,
1734708170500,692
1734708171000,
1734708171500,
1734708172000,
1734708172500,692
1734708173000,
1734708173500,
1734708174000,690
1734708174500,
1734708175000,
1734708175500,
1734708176000,691
1734708176500,
1734708177000,
1734708177500,
1734708178000,691
1734708178500,
1734708179000,
1734708179500,
1734708180000,691
1734708180500,
1734708181000,
1734708181500,
1734708182000,690
1734708182500,
1734708183000,
1734708183500,693
1734708184000,
1734708184500,
1734708185000,
1734708185500,689
1734708186000,
1734708186500,
1734708187000,
1734708187500,695
1734708188000,
1734708188500,
1734708189000,
1734708189500,692
1734708190000,
1734708190500,
1734708191000,
1734708191500,692
1734708192000,
1734708192500,
1734708193000,695
1734708193500,
1734708194000,
1734708194500,
1734708195000,693
1734708195500,
1734708196000,
1734708196500,
1734708197000,693
1734708197500,
1734708198000,
1734708198500,
1734708199000,694
1734708199500,
1734708200000,
1734708200500,
1734708201000,692
1734708201500,
1734708202000,
1734708202500,695
1734708203000,
1734708203500,
1734708204000,
1734708204500,691
1734708205000,
1734708205500,
1734708206000,
1734708206500,694
1734708207000,
1734708207500,
1734708208000,
1734708208500,692
1734708209000,
1734708209500,
1734708210000,
1734708210500,691
1734708211000,
1734708211500,
1734708212000,692
1734708212500,
1734708213000,
1734708213500,
1734708214000,692
1734708214500,
1734708215000,
1734708215500,
1734708216000,692
1734708216500,
1734708217000,
1734708217500,
1734708218000,691
1734708218500,
1734708219000,
1734708219500,
1734708220000,692
1734708220500,
1734708221000,
1734708221500,694
1734708222000,
1734708222500,
1734708223000,
1734708223500,693
1734708224000,
1734708224500,
1734708225000,
1734708225500,694
1734708226000,
1734708226500,
1734708227000,
1734708227500,691
1734708228000,
1734708228500,
1734708229000,
1734708229500,692
1734708230000,
1734708230500,
1734708231000,692
1734708231500,
1734708232000,
1734708232500,
1734708233000,692
1734708233500,
1734708234000,
1734708234500,
1734708235000,691
1734708235500,
1734708236000,
1734708236500,
1734708237000,692
1734708237500,
1734708238000,
1734708238500,
1734708239000,692
1734708239500,
1734708240000,
1734708240500,693
1734708241000,
1734708241500,
1734708242000,
1734708242500,692
1734708243000,
1734708243500,
1734708244000,
1734708244500,692
1734708245000,
1734708245500,
1734708246000,
1734708246500,691
1734708247000,
1734708247500,
1734708248000,
1734708248500,694
1734708249000,
1734708249500,
1734708250000,693
1734708250500,
1734708251000,
1734708251500,
1734708252000,691
1734708252500,
1734708253000,
1734708253500,
1734708254000,691
1734708254500,
1734708255000,
1734708255500,
1734708256000,694
1734708256500,
1734708257000,
1734708257500,
1734708258000,692
1734708258500,
1734708259000,
1734708259500,691
1734708260000,
1734708260500,
1734708261000,
1734708261500,693
1734708262000,
1734708262500,
1734708263000,
1734708263500,691
1734708264000,
1734708264500,
1734708265000,
1734708265500,692
1734708266000,
1734708266500,
1734708267000,
1734708267500,692
1734708268000,
1734708268500,
1734708269000,695
1734708269500,
1734708270000,
1734708270500,
1734708271000,694
1734708271500,
1734708272000,
1734708272500,
1734708273000,694
1734708273500,
1734708274000,
1734708274500,
1734708275000,692
1734708275500,
1734708276000,
1734708276500,
1734708277000,694
1734708277500,
1734708278000,
1734708278500,692
1734708279000,
1734708279500,
1734708280000,
1734708280500,692
1734708281000,
1734708281500,
1734708282000,
1734708282500,692
1734708283000,
1734708283500,
1734708284000,
1734708284500,694
1734708285000,
1734708285500,
1734708286000,
1734708286500,694
1734708287000,
1734708287500,
1734708288000,695
1734708288500,
1734708289000,
1734708289500,
1734708290000,691
1734708290500,
1734708291000,
1734708291500,
1734708292000,692
1734708292500,
1734708293000,
1734708293500,
1734708294000,692
1734708294500,
1734708295000,
1734708295500,
1734708296000,695
1734708296500,
1734708297000,
1734708297500,692
1734708298000,
1734708298500,
1734708299000,
1734708299500,694
1734708300000,
1734708300500,
1734708301000,
1734708301500,693
1734708302000,
1734708302500,
1734708303000,
1734708303500,692
1734708304000,
1734708304500,
1734708305000,
1734708305500,692
1734708306000,
1734708306500,
1734708307000,692
1734708307500,
1734708308000,
1734708308500,
1734708309000,695
1734708309500,
1734708310000,
1734708310500,
1734708311000,695
1734708311500,
1734708312000,
1734708312500,
1734708313000,692
1734708313500,
1734708314000,
1734708314500,
1734708315000,693
1734708315500,
1734708316000,
1734708316500,693
1734708317000,
1734708317500,
1734708318000,
1734708318500,691
1734708319000,
1734708319500,
1734708320000,
1734708320500,693
1734708321000,
1734708321500,
1734708322000,
1734708322500,695
1734708323000,
1734708323500,
1734708324000,
1734708324500,695
1734708325000,
1734708325500,
1734708326000,693
1734708326500,
1734708327000,
1734708327500,
1734708328000,694
1734708328500,
1734708329000,
1734708329500,
1734708330000,692
1734708330500,
1734708331000,
1734708331500,
1734708332000,692
1734708332500,
1734708333000,
1734708333500,
1734708334000,695
1734708334500,
1734708335000,
1734708335500,691
1734708336000,
1734708336500,
1734708337000,
1734708337500,691
1734708338000,
1734708338500,
1734708339000,
1734708339500,691
1734708340000,
1734708340500,
1734708341000,
1734708341500,693
1734708342000,
1734708342500,
1734708343000,
1734708343500,692
1734708344000,
1734708344500,
1734708345000,692
1734708345500,
1734708346000,
1734708346500,
1734708347000,692
1734708347500,
1734708348000,
1734708348500,
1734708349000,693
1734708349500,
1734708350000,
1734708350500,
1734708351000,693
1734708351500,
1734708352000,
1734708352500,
1734708353000,691
1734708353500,
1734708354000,
1734708354500,692
1734708355000,
1734708355500,
1734708356000,
1734708356500,694
1734708357000,
1734708357500,
1734708357962,